id,latitude,longitude,outage,estCustAffected,lastUpdateTime,hazardFlag,region,cause,crewCurrentStatus,outage_url,currentEtor,autoEtor
1571772021:676894,39.20575,-123.71582,676894,1,1571770342,0,Albion,Unknown - PG&E will be assessing the cause.,PG&E has assigned a crew to assess the outage.,https://pge-outages.simonwillison.net/pge-outages/outage/676894,1571784300,1571784300
1571772021:676647,39.48782,-120.85717,676647,83,1571763944,0,Alleghany,PG&E is investigating the cause of your outage.,PG&E is assessing the cause at the outage location.,https://pge-outages.simonwillison.net/pge-outages/outage/676647,1571774400,1571774400
1571772021:676429,35.19195,-120.45652,676429,37,1571770979,0,Arroyo Grande,Our preliminary determination is that your outage was caused by an equipment issue.,PG&E is assessing the cause at the outage location.,https://pge-outages.simonwillison.net/pge-outages/outage/676429,1571785200,
1571772021:676681,38.01369,-121.61918,676681,12,1571759979,0,Bethel Island,Our preliminary determination is that your outage was caused by scheduled maintenance work.,PG&E has assigned a crew to assess the outage.,https://pge-outages.simonwillison.net/pge-outages/outage/676681,1571785200,
1571772021:676613,37.09485,-122.14436,676613,3,1571762106,0,Bonny Doon,Our preliminary determination is that your outage was caused by scheduled maintenance work.,PG&E repair crew is on-site working to restore power.,https://pge-outages.simonwillison.net/pge-outages/outage/676613,1571788800,
1571772021:676791,37.22229,-122.14464,676791,21,1571762780,0,Boulder Creek,Our preliminary determination is that your outage was caused by scheduled maintenance work.,PG&E repair crew is on-site working to restore power.,https://pge-outages.simonwillison.net/pge-outages/outage/676791,1571774400,
1571772021:676700,35.90432,-120.97977,676700,2,1571761805,0,Bradley,Our preliminary determination is that your outage was caused by scheduled maintenance work.,PG&E repair crew is on-site working to restore power.,https://pge-outages.simonwillison.net/pge-outages/outage/676700,1571785200,
1571772021:676626,37.1033,-122.08582,676626,36,1571761649,0,Brookdale,Our preliminary determination is that your outage was caused by scheduled maintenance work.,PG&E repair crew is on-site working to restore power.,https://pge-outages.simonwillison.net/pge-outages/outage/676626,1571790600,
1571772021:676618,37.7886,-121.61863,676618,7,1571753948,0,Byron,Our preliminary determination is that your outage was caused by scheduled maintenance work.,PG&E repair crew is on-site working to restore power.,https://pge-outages.simonwillison.net/pge-outages/outage/676618,1571788800,
1571772021:676898,35.55013,-121.08582,676898,9,1571770517,0,Cambria,Unknown - PG&E will be assessing the cause.,PG&E assessment crew is en route to the outage.,https://pge-outages.simonwillison.net/pge-outages/outage/676898,1571782500,1571782500
1571772021:676904,36.97319,-121.95858,676904,1,1571771401,0,Capitola,Unknown - PG&E will be assessing the cause.,PG&E has assigned a crew to assess the outage.,https://pge-outages.simonwillison.net/pge-outages/outage/676904,1571783400,1571783400
1571772021:675022,40.07645,-121.16152,675022,1,1571706127,0,Caribou,Our preliminary determination is that your outage was caused by scheduled maintenance work.,PG&E repair crew is on-site working to restore power.,https://pge-outages.simonwillison.net/pge-outages/outage/675022,1571788800,
1571772021:676855,36.56632,-121.91895,676855,1,1571766785,1,Carmel,Unknown - PG&E will be assessing the cause.,PG&E has assigned a crew to assess the outage.,https://pge-outages.simonwillison.net/pge-outages/outage/676855,1571777100,1571777100
1571772021:676874,37.70103,-122.07854,676874,1,1571769540,1,Castro Valley,Unknown - PG&E will be assessing the cause.,PG&E has assigned a crew to assess the outage.,https://pge-outages.simonwillison.net/pge-outages/outage/676874,1571779800,1571779800
1571772021:676752,37.70534,-122.09958,676752,1,1571761757,0,Castro Valley,Our preliminary determination is that your outage was caused by scheduled maintenance work.,PG&E repair crew is on-site working to restore power.,https://pge-outages.simonwillison.net/pge-outages/outage/676752,1571785200,
1571772021:676878,37.68144,-122.10073,676878,1,1571770862,1,Cherryland,Unknown - PG&E will be assessing the cause.,PG&E assessment crew is en route to the outage.,https://pge-outages.simonwillison.net/pge-outages/outage/676878,1571780700,1571780700
1571772021:676797,38.97416,-122.61703,676797,2,1571768105,0,Clearlake,Our preliminary determination is that your outage was caused by scheduled maintenance work.,PG&E repair crew is on-site working to restore power.,https://pge-outages.simonwillison.net/pge-outages/outage/676797,1571781600,
1571772021:676781,36.82309,-119.61049,676781,3,1571770835,0,Clovis,Unknown - PG&E will be assessing the cause.,PG&E has assigned a crew to assess the outage.,https://pge-outages.simonwillison.net/pge-outages/outage/676781,1571781600,
1571772021:676773,36.81918,-119.61022,676773,12,1571762270,0,Clovis,Our preliminary determination is that your outage was caused by scheduled maintenance work.,PG&E has assigned a crew to assess the outage.,https://pge-outages.simonwillison.net/pge-outages/outage/676773,1571781600,
1571772021:676852,37.007,-119.55565,676852,2,1571766413,0,Clovis,Our preliminary determination is that your outage was caused by scheduled maintenance work.,PG&E repair crew is on-site working to restore power.,https://pge-outages.simonwillison.net/pge-outages/outage/676852,1571774400,
1571772021:676899,37.00976,-119.55884,676899,1,1571770391,0,Clovis,Our preliminary determination is that your outage was caused by scheduled maintenance work.,PG&E has assigned a crew to assess the outage.,https://pge-outages.simonwillison.net/pge-outages/outage/676899,1571778000,
1571772021:676836,36.81738,-119.61028,676836,18,1571765563,0,Clovis,Unknown - PG&E will be assessing the cause.,PG&E has assigned a crew to assess the outage.,https://pge-outages.simonwillison.net/pge-outages/outage/676836,1571775300,1571775300
1571772021:676717,39.03792,-120.98767,676717,2,1571760667,0,Colfax,Our preliminary determination is that your outage was caused by scheduled maintenance work.,PG&E has assigned a crew to assess the outage.,https://pge-outages.simonwillison.net/pge-outages/outage/676717,1571788800,
1571772021:676611,39.1276,-120.9386,676611,1,1571753188,0,Colfax,Our preliminary determination is that your outage was caused by scheduled maintenance work.,PG&E repair crew is on-site working to restore power.,https://pge-outages.simonwillison.net/pge-outages/outage/676611,1571785200,
1571772021:676610,39.12765,-120.93869,676610,28,1571761688,0,Colfax,Our preliminary determination is that your outage was caused by scheduled maintenance work.,PG&E repair crew is on-site working to restore power.,https://pge-outages.simonwillison.net/pge-outages/outage/676610,1571785200,
1571772021:676680,35.5342,-120.52643,676680,1,1571770564,1,Creston,Unknown - PG&E will be assessing the cause.,PG&E has assigned a crew to assess the outage.,https://pge-outages.simonwillison.net/pge-outages/outage/676680,1571788500,
1571772021:676818,37.8191,-122.00613,676818,124,1571771768,0,Danville,Our preliminary determination is that your outage was caused by scheduled maintenance work.,PG&E has assigned a crew to assess the outage.,https://pge-outages.simonwillison.net/pge-outages/outage/676818,1571781600,
1571772021:676665,38.55306,-122.45675,676665,37,1571759457,0,Deer Park,Our preliminary determination is that your outage was caused by scheduled maintenance work.,PG&E repair crew is on-site working to restore power.,https://pge-outages.simonwillison.net/pge-outages/outage/676665,1571788800,
1571772021:645873,38.44571,-121.7909,645873,2,1571761506,0,Dixon,Our preliminary determination is that your outage was caused by scheduled maintenance work.,PG&E repair crew is on-site working to restore power.,https://pge-outages.simonwillison.net/pge-outages/outage/645873,1572033600,
1571772021:676885,38.59719,-120.81026,676885,1,1571770697,1,El Dorado,Unknown - PG&E will be assessing the cause.,PG&E assessment crew is en route to the outage.,https://pge-outages.simonwillison.net/pge-outages/outage/676885,1571779800,1571779800
1571772021:676786,38.29464,-122.47805,676786,9,1571762519,0,El Verano,Our preliminary determination is that your outage was caused by scheduled maintenance work.,PG&E repair crew is on-site working to restore power.,https://pge-outages.simonwillison.net/pge-outages/outage/676786,1571779800,
1571772021:676558,39.59338,-122.54437,676558,327,1571771116,0,Elk Creek,Our preliminary determination is that your outage was caused by a car that hit a pole.,PG&E is sending a repair crew to the outage location.,https://pge-outages.simonwillison.net/pge-outages/outage/676558,1571781600,
1571772021:676794,37.83187,-122.2779,676794,92,1571763313,0,Emeryville,Our preliminary determination is that your outage was caused by scheduled maintenance work.,PG&E repair crew is on-site working to restore power.,https://pge-outages.simonwillison.net/pge-outages/outage/676794,1571788800,
1571772021:676875,37.98252,-122.59688,676875,1,1571769551,1,Fairfax,Unknown - PG&E will be assessing the cause.,PG&E assessment crew is en route to the outage.,https://pge-outages.simonwillison.net/pge-outages/outage/676875,1571778900,1571778900
1571772021:676903,37.04776,-122.07634,676903,1,1571771442,1,Felton,Unknown - PG&E will be assessing the cause.,PG&E has assigned a crew to assess the outage.,https://pge-outages.simonwillison.net/pge-outages/outage/676903,1571787900,1571787900
1571772021:676896,37.05303,-122.07509,676896,7,1571771432,1,Felton,Unknown - PG&E will be assessing the cause.,PG&E has assigned a crew to assess the outage.,https://pge-outages.simonwillison.net/pge-outages/outage/676896,1571787000,1571787000
1571772021:676617,40.44834,-124.26697,676617,8,1571753776,0,Ferndale,Our preliminary determination is that your outage was caused by scheduled maintenance work.,PG&E repair crew is on-site working to restore power.,https://pge-outages.simonwillison.net/pge-outages/outage/676617,1571788800,
1571772021:676877,39.01483,-120.84638,676877,3,1571770557,0,Foresthill,Our preliminary determination is that your outage was caused by scheduled maintenance work.,PG&E repair crew is on-site working to restore power.,https://pge-outages.simonwillison.net/pge-outages/outage/676877,1571778000,
1571772021:676761,37.51924,-121.97627,676761,40,1571762123,0,Fremont,Our preliminary determination is that your outage was caused by scheduled maintenance work.,PG&E repair crew is on-site working to restore power.,https://pge-outages.simonwillison.net/pge-outages/outage/676761,1571778000,
1571772021:676834,37.52628,-121.97242,676834,1,1571769926,1,Fremont,PG&E is investigating the cause of your outage.,PG&E is assessing the cause at the outage location.,https://pge-outages.simonwillison.net/pge-outages/outage/676834,1571776200,1571776200
1571772021:676907,36.75953,-119.81024,676907,65,1571771698,0,Fresno,Unknown - PG&E will be assessing the cause.,PG&E has assigned a crew to assess the outage.,https://pge-outages.simonwillison.net/pge-outages/outage/676907,1571778000,1571778000
1571772021:676652,36.78279,-119.77338,676652,2,1571757260,0,Fresno,Our preliminary determination is that your outage was caused by scheduled maintenance work.,PG&E repair crew is on-site working to restore power.,https://pge-outages.simonwillison.net/pge-outages/outage/676652,1571774400,
1571772021:676745,40.12118,-123.75042,676745,2,1571761560,0,Garberville,Our preliminary determination is that your outage was caused by scheduled maintenance work.,PG&E repair crew is on-site working to restore power.,https://pge-outages.simonwillison.net/pge-outages/outage/676745,1571788800,
1571772021:676632,38.81647,-120.79419,676632,20,1571765405,0,Garden Valley,Our preliminary determination is that your outage was caused by scheduled maintenance work.,PG&E repair crew is on-site working to restore power.,https://pge-outages.simonwillison.net/pge-outages/outage/676632,1571781600,
1571772021:676754,38.77638,-122.82028,676754,12,1571762976,0,Geyserville,Our preliminary determination is that your outage was caused by scheduled maintenance work.,PG&E repair crew is on-site working to restore power.,https://pge-outages.simonwillison.net/pge-outages/outage/676754,1571790600,
1571772021:676746,36.99037,-121.51829,676746,14,1571763584,0,Gilroy,Our preliminary determination is that your outage was caused by scheduled maintenance work.,PG&E has assigned a crew to assess the outage.,https://pge-outages.simonwillison.net/pge-outages/outage/676746,1571788800,
1571772021:676841,39.68285,-121.98868,676841,5,1571768527,0,Glenn,Our preliminary determination is that your outage was caused by an equipment issue.,PG&E is sending a repair crew to the outage location.,https://pge-outages.simonwillison.net/pge-outages/outage/676841,1571777100,1571777100
1571772021:676668,39.06237,-121.16126,676668,3,1571758223,0,Grass Valley,Our preliminary determination is that your outage was caused by scheduled maintenance work.,PG&E repair crew is on-site working to restore power.,https://pge-outages.simonwillison.net/pge-outages/outage/676668,1571778000,
1571772021:676792,40.15343,-120.88433,676792,1,1571763167,0,Greenville,Unknown - PG&E will be assessing the cause.,PG&E assessment crew is en route to the outage.,https://pge-outages.simonwillison.net/pge-outages/outage/676792,1571787000,1571787000
1571772021:676656,38.90267,-123.63088,676656,5,1571757555,0,Gualala,Our preliminary determination is that your outage was caused by scheduled maintenance work.,PG&E repair crew is on-site working to restore power.,https://pge-outages.simonwillison.net/pge-outages/outage/676656,1571778000,
1571772021:676876,36.21351,-119.61225,676876,2,1571769980,0,Hanford,Unknown - PG&E will be assessing the cause.,PG&E has assigned a crew to assess the outage.,https://pge-outages.simonwillison.net/pge-outages/outage/676876,1571779800,1571779800
1571772021:676909,37.63041,-122.08779,676909,1,1571771744,0,Hayward,Unknown - PG&E will be assessing the cause.,PG&E has assigned a crew to assess the outage.,https://pge-outages.simonwillison.net/pge-outages/outage/676909,1571785200,1571785200
1571772021:676740,40.74033,-124.19926,676740,57,1571771683,0,Humboldt Hill,Our preliminary determination is that your outage was caused by scheduled maintenance work.,PG&E repair crew is on-site working to restore power.,https://pge-outages.simonwillison.net/pge-outages/outage/676740,1571770800,
1571772021:676789,38.39479,-122.57711,676789,1,1571762790,0,Kenwood,Unknown - PG&E will be assessing the cause.,PG&E has assigned a crew to assess the outage.,https://pge-outages.simonwillison.net/pge-outages/outage/676789,1571774400,1571774400
1571772021:676815,36.02678,-119.61755,676815,1,1571769477,0,Kettleman City,PG&E is investigating the cause of your outage.,PG&E is assessing the cause at the outage location.,https://pge-outages.simonwillison.net/pge-outages/outage/676815,1571778000,1571778000
1571772021:676822,38.86249,-121.72872,676822,6,1571766766,0,Knights Landing,Our preliminary determination is that your outage was caused by scheduled maintenance work.,PG&E repair crew is on-site working to restore power.,https://pge-outages.simonwillison.net/pge-outages/outage/676822,1571779800,
1571772021:676712,40.81131,-122.31915,676712,27,1571760900,0,Lakehead,Our preliminary determination is that your outage was caused by scheduled maintenance work.,PG&E repair crew is on-site working to restore power.,https://pge-outages.simonwillison.net/pge-outages/outage/676712,1571778000,
1571772021:676736,37.93948,-122.53829,676736,7,1571761125,0,Larkspur,Our preliminary determination is that your outage was caused by scheduled maintenance work.,PG&E repair crew is on-site working to restore power.,https://pge-outages.simonwillison.net/pge-outages/outage/676736,1571788800,
1571772021:676844,39.70325,-123.48745,676844,359,1571767989,0,Laytonville,Our preliminary determination is that your outage was caused by scheduled maintenance work.,PG&E repair crew is on-site working to restore power.,https://pge-outages.simonwillison.net/pge-outages/outage/676844,1571792400,
1571772021:676846,38.05762,-121.2909,676846,4,1571766303,0,Lodi,Our preliminary determination is that your outage was caused by scheduled maintenance work.,PG&E repair crew is on-site working to restore power.,https://pge-outages.simonwillison.net/pge-outages/outage/676846,1571785200,
1571772021:676612,34.6727,-120.54116,676612,5,1571758984,0,Lompoc,Our preliminary determination is that your outage was caused by scheduled maintenance work.,PG&E repair crew is on-site working to restore power.,https://pge-outages.simonwillison.net/pge-outages/outage/676612,1571785200,
1571772021:676777,38.80742,-121.15473,676777,1,1571771089,1,Loomis,Unknown - PG&E will be assessing the cause.,PG&E has assigned a crew to assess the outage.,https://pge-outages.simonwillison.net/pge-outages/outage/676777,1571781840,
1571772021:676905,37.22981,-121.98177,676905,1,1571771762,1,Los Gatos,Unknown - PG&E will be assessing the cause.,PG&E has assigned a crew to assess the outage.,https://pge-outages.simonwillison.net/pge-outages/outage/676905,1571784300,1571784300
1571772021:676735,37.23955,-121.99602,676735,30,1571761314,0,Los Gatos,Our preliminary determination is that your outage was caused by scheduled maintenance work.,PG&E repair crew is on-site working to restore power.,https://pge-outages.simonwillison.net/pge-outages/outage/676735,1571781600,
1571772021:676624,37.23473,-121.92399,676624,12,1571770543,0,Los Gatos,Unknown - PG&E will be assessing the cause.,PG&E has assigned a crew to assess the outage.,https://pge-outages.simonwillison.net/pge-outages/outage/676624,1571781840,
1571772021:676873,35.31099,-120.84515,676873,1,1571771611,1,Los Osos,PG&E is investigating the cause of your outage.,PG&E is assessing the cause at the outage location.,https://pge-outages.simonwillison.net/pge-outages/outage/676873,1571779800,1571779800
1571772021:676872,36.96016,-120.05523,676872,1,1571771342,0,Madera,PG&E is investigating the cause of your outage.,PG&E is assessing the cause at the outage location.,https://pge-outages.simonwillison.net/pge-outages/outage/676872,1571777100,1571777100
1571772021:676897,36.99649,-120.10828,676897,1,1571771408,0,Madera,Unknown - PG&E will be assessing the cause.,PG&E has assigned a crew to assess the outage.,https://pge-outages.simonwillison.net/pge-outages/outage/676897,1571778900,1571778900
1571772021:676860,37.45191,-122.18492,676860,6,1571768285,0,Menlo Park,Unknown - PG&E will be assessing the cause.,PG&E has assigned a crew to assess the outage.,https://pge-outages.simonwillison.net/pge-outages/outage/676860,1571776200,1571776200
1571772021:676691,37.46358,-122.16731,676691,17,1571760528,0,Menlo Park,Our preliminary determination is that your outage was caused by scheduled maintenance work.,PG&E repair crew is on-site working to restore power.,https://pge-outages.simonwillison.net/pge-outages/outage/676691,1571794200,
1571772021:676871,34.68107,-120.44371,676871,1,1571768377,0,Mission Hills,PG&E is investigating the cause of your outage.,PG&E is sending a repair crew to the outage location.,https://pge-outages.simonwillison.net/pge-outages/outage/676871,1571781600,1571781600
1571772021:676696,37.11265,-121.75859,676696,18,1571761087,0,Morgan Hill,Our preliminary determination is that your outage was caused by scheduled maintenance work.,PG&E repair crew is on-site working to restore power.,https://pge-outages.simonwillison.net/pge-outages/outage/676696,1571779800,
1571772021:676698,35.3618,-120.83809,676698,30,1571759803,0,Morro Bay,Our preliminary determination is that your outage was caused by scheduled maintenance work.,PG&E repair crew is on-site working to restore power.,https://pge-outages.simonwillison.net/pge-outages/outage/676698,1571776200,
1571772021:676820,35.35702,-120.84728,676820,1,1571764751,0,Morro Bay,Unknown - PG&E will be assessing the cause.,PG&E has assigned a crew to assess the outage.,https://pge-outages.simonwillison.net/pge-outages/outage/676820,1571775300,1571775300
1571772021:676805,37.51467,-122.51185,676805,1,1571763552,0,Moss Beach,Unknown - PG&E will be assessing the cause.,PG&E assessment crew is en route to the outage.,https://pge-outages.simonwillison.net/pge-outages/outage/676805,1571775300,1571775300
1571772021:676684,39.32579,-121.11241,676684,37,1571759071,0,Nevada City,Our preliminary determination is that your outage was caused by scheduled maintenance work.,PG&E repair crew is on-site working to restore power.,https://pge-outages.simonwillison.net/pge-outages/outage/676684,1571781600,
1571772021:676838,38.85562,-121.15024,676838,1,1571771145,1,Newcastle,PG&E is investigating the cause of your outage.,PG&E is assessing the cause at the outage location.,https://pge-outages.simonwillison.net/pge-outages/outage/676838,1571775300,1571775300
1571772021:676908,37.81318,-122.21044,676908,1,1571771700,1,Oakland,Unknown - PG&E will be assessing the cause.,PG&E has assigned a crew to assess the outage.,https://pge-outages.simonwillison.net/pge-outages/outage/676908,1571781600,1571781600
1571772021:676859,37.83449,-122.25176,676859,4,1571767110,0,Oakland,Our preliminary determination is that your outage was caused by scheduled maintenance work.,PG&E repair crew is on-site working to restore power.,https://pge-outages.simonwillison.net/pge-outages/outage/676859,1571792400,
1571772021:676798,37.81674,-122.28174,676798,76,1571767153,0,Oakland,Our preliminary determination is that your outage was caused by scheduled maintenance work.,PG&E repair crew is on-site working to restore power.,https://pge-outages.simonwillison.net/pge-outages/outage/676798,1571788800,
1571772021:676697,37.73129,-122.1846,676697,1,1571768223,0,Oakland,Unknown - PG&E will be assessing the cause.,PG&E has assigned a crew to assess the outage.,https://pge-outages.simonwillison.net/pge-outages/outage/676697,1571779800,
1571772021:676889,37.74199,-122.16044,676889,1,1571770125,1,Oakland,Unknown - PG&E will be assessing the cause.,PG&E has assigned a crew to assess the outage.,https://pge-outages.simonwillison.net/pge-outages/outage/676889,1571779800,1571779800
1571772021:676725,37.74722,-122.18184,676725,12,1571760904,0,Oakland,Our preliminary determination is that your outage was caused by scheduled maintenance work.,PG&E repair crew is on-site working to restore power.,https://pge-outages.simonwillison.net/pge-outages/outage/676725,1571778000,
1571772021:676726,37.74684,-122.18259,676726,2,1571760910,0,Oakland,Our preliminary determination is that your outage was caused by scheduled maintenance work.,PG&E has assigned a crew to assess the outage.,https://pge-outages.simonwillison.net/pge-outages/outage/676726,1571778000,
1571772021:676821,37.81682,-122.27997,676821,10,1571764970,0,Oakland,Unknown - PG&E will be assessing the cause.,PG&E assessment crew is en route to the outage.,https://pge-outages.simonwillison.net/pge-outages/outage/676821,1571773500,1571773500
1571772021:676863,41.30275,-123.5316,676863,1,1571768208,1,Orleans,Unknown - PG&E will be assessing the cause.,PG&E assessment crew is en route to the outage.,https://pge-outages.simonwillison.net/pge-outages/outage/676863,1571782500,1571782500
1571772021:676771,37.62116,-122.48424,676771,256,1571762718,0,Pacifica,Our preliminary determination is that your outage was caused by scheduled maintenance work.,PG&E is sending a repair crew to the outage location.,https://pge-outages.simonwillison.net/pge-outages/outage/676771,1571788800,
1571772021:676910,40.3481,-121.75502,676910,1,1571771754,0,Paynes Creek,Our preliminary determination is that your outage was caused by scheduled maintenance work.,PG&E repair crew is on-site working to restore power.,https://pge-outages.simonwillison.net/pge-outages/outage/676910,1571774400,
1571772021:676906,38.28818,-122.6656,676906,1,1571771551,1,Penngrove,Unknown - PG&E will be assessing the cause.,PG&E has assigned a crew to assess the outage.,https://pge-outages.simonwillison.net/pge-outages/outage/676906,1571782500,1571782500
1571772021:676741,38.84513,-121.1559,676741,1,1571769308,0,Penryn,Unknown - PG&E will be assessing the cause.,PG&E has assigned a crew to assess the outage.,https://pge-outages.simonwillison.net/pge-outages/outage/676741,1571780040,
1571772021:676675,38.25939,-122.64403,676675,15,1571761060,0,Petaluma,Our preliminary determination is that your outage was caused by scheduled maintenance work.,PG&E repair crew is on-site working to restore power.,https://pge-outages.simonwillison.net/pge-outages/outage/676675,1571788800,
1571772021:676762,38.20886,-122.67327,676762,7,1571762253,0,Petaluma,Our preliminary determination is that your outage was caused by scheduled maintenance work.,PG&E repair crew is on-site working to restore power.,https://pge-outages.simonwillison.net/pge-outages/outage/676762,1571783400,
1571772021:676796,38.67216,-120.64299,676796,1,1571762793,0,Placerville,Our preliminary determination is that your outage was caused by scheduled maintenance work.,PG&E has assigned a crew to assess the outage.,https://pge-outages.simonwillison.net/pge-outages/outage/676796,1571792400,
1571772021:676795,38.66984,-120.64371,676795,1,1571762793,0,Placerville,Our preliminary determination is that your outage was caused by scheduled maintenance work.,PG&E has assigned a crew to assess the outage.,https://pge-outages.simonwillison.net/pge-outages/outage/676795,1571792400,
1571772021:676800,38.66942,-120.64369,676800,2,1571762959,0,Placerville,Our preliminary determination is that your outage was caused by scheduled maintenance work.,PG&E has assigned a crew to assess the outage.,https://pge-outages.simonwillison.net/pge-outages/outage/676800,1571792400,
1571772021:676739,38.69009,-120.73806,676739,4,1571761246,0,Placerville,Our preliminary determination is that your outage was caused by scheduled maintenance work.,PG&E is assessing the cause at the outage location.,https://pge-outages.simonwillison.net/pge-outages/outage/676739,1571785200,
1571772021:676857,37.97932,-122.07571,676857,3,1571766779,0,Pleasant Hill,Our preliminary determination is that your outage was caused by scheduled maintenance work.,PG&E repair crew is on-site working to restore power.,https://pge-outages.simonwillison.net/pge-outages/outage/676857,1571781600,
1571772021:676892,37.67892,-121.88383,676892,1,1571770080,0,Pleasanton,Unknown - PG&E will be assessing the cause.,PG&E has assigned a crew to assess the outage.,https://pge-outages.simonwillison.net/pge-outages/outage/676892,1571781600,1571781600
1571772021:676814,37.63071,-121.88885,676814,4,1571764530,0,Pleasanton,Our preliminary determination is that your outage was caused by scheduled maintenance work.,PG&E repair crew is on-site working to restore power.,https://pge-outages.simonwillison.net/pge-outages/outage/676814,1571785200,
1571772021:676615,38.88873,-123.55056,676615,9,1571768068,0,Point Arena,Our preliminary determination is that your outage was caused by scheduled maintenance work.,PG&E repair crew is on-site working to restore power.,https://pge-outages.simonwillison.net/pge-outages/outage/676615,1571792400,
1571772021:676729,38.75174,-120.59939,676729,7,1571768338,0,Pollock Pines,PG&E is investigating the cause of your outage.,PG&E is assessing the cause at the outage location.,https://pge-outages.simonwillison.net/pge-outages/outage/676729,1571772600,1571772600
1571772021:676748,40.00234,-120.97466,676748,11,1571761629,0,Quincy,Our preliminary determination is that your outage was caused by scheduled maintenance work.,PG&E repair crew is on-site working to restore power.,https://pge-outages.simonwillison.net/pge-outages/outage/676748,1571774400,
1571772021:676646,40.14249,-122.19849,676646,3,1571757121,0,Red Bluff,Our preliminary determination is that your outage was caused by scheduled maintenance work.,PG&E repair crew is on-site working to restore power.,https://pge-outages.simonwillison.net/pge-outages/outage/676646,1571785200,
1571772021:676862,37.46942,-122.23256,676862,1,1571768339,1,Redwood City,Unknown - PG&E will be assessing the cause.,PG&E has assigned a crew to assess the outage.,https://pge-outages.simonwillison.net/pge-outages/outage/676862,1571775300,1571775300
1571772021:676711,37.49498,-122.24361,676711,1,1571768300,1,Redwood City,Unknown - PG&E will be assessing the cause.,PG&E has assigned a crew to assess the outage.,https://pge-outages.simonwillison.net/pge-outages/outage/676711,1571782500,
1571772021:676704,38.51358,-122.50868,676704,7,1571760444,0,Saint Helena,Our preliminary determination is that your outage was caused by scheduled maintenance work.,PG&E repair crew is on-site working to restore power.,https://pge-outages.simonwillison.net/pge-outages/outage/676704,1571788800,
1571772021:676779,36.4811,-121.48102,676779,1,1571764083,0,Salinas,Unknown - PG&E will be assessing the cause.,PG&E has assigned a crew to assess the outage.,https://pge-outages.simonwillison.net/pge-outages/outage/676779,1571771700,1571771700
1571772021:676669,38.34874,-123.06127,676669,104,1571770163,1,Salmon Creek,Our preliminary determination is that your outage was caused by an equipment issue.,PG&E is sending a repair crew to the outage location.,https://pge-outages.simonwillison.net/pge-outages/outage/676669,1571788800,
1571772021:676842,37.73489,-122.50516,676842,2,1571765937,0,San Francisco,Our preliminary determination is that your outage was caused by scheduled maintenance work.,PG&E has assigned a crew to assess the outage.,https://pge-outages.simonwillison.net/pge-outages/outage/676842,1571779800,
1571772021:676866,37.7736,-122.48309,676866,62,1571767852,0,San Francisco,Our preliminary determination is that your outage was caused by scheduled maintenance work.,PG&E has assigned a crew to assess the outage.,https://pge-outages.simonwillison.net/pge-outages/outage/676866,1571788800,
1571772021:676864,37.77495,-122.48319,676864,27,1571767622,0,San Francisco,Our preliminary determination is that your outage was caused by scheduled maintenance work.,PG&E has assigned a crew to assess the outage.,https://pge-outages.simonwillison.net/pge-outages/outage/676864,1571788800,
1571772021:676705,37.75257,-122.47358,676705,37,1571760893,0,San Francisco,Our preliminary determination is that your outage was caused by scheduled maintenance work.,PG&E has assigned a crew to assess the outage.,https://pge-outages.simonwillison.net/pge-outages/outage/676705,1571788800,
1571772021:676734,37.75255,-122.47363,676734,65,1571770705,0,San Francisco,Our preliminary determination is that your outage was caused by scheduled maintenance work.,PG&E has assigned a crew to assess the outage.,https://pge-outages.simonwillison.net/pge-outages/outage/676734,1571788800,
1571772021:676733,37.77576,-122.43867,676733,40,1571760986,0,San Francisco,Our preliminary determination is that your outage was caused by scheduled maintenance work.,PG&E repair crew is on-site working to restore power.,https://pge-outages.simonwillison.net/pge-outages/outage/676733,1571788800,
1571772021:676692,37.76051,-122.38748,676692,16,1571760963,0,San Francisco,Our preliminary determination is that your outage was caused by scheduled maintenance work.,PG&E repair crew is on-site working to restore power.,https://pge-outages.simonwillison.net/pge-outages/outage/676692,1571787000,
1571772021:676893,37.72688,-122.43384,676893,1,1571770393,1,San Francisco,Unknown - PG&E will be assessing the cause.,PG&E has assigned a crew to assess the outage.,https://pge-outages.simonwillison.net/pge-outages/outage/676893,1571776200,1571776200
1571772021:676759,37.33923,-121.76646,676759,1,1571761940,0,San Jose,Our preliminary determination is that your outage was caused by scheduled maintenance work.,PG&E repair crew is on-site working to restore power.,https://pge-outages.simonwillison.net/pge-outages/outage/676759,1571774400,
1571772021:676679,36.89461,-121.57834,676679,112,1571758677,0,San Juan Bautista,Our preliminary determination is that your outage was caused by scheduled maintenance work.,PG&E repair crew is on-site working to restore power.,https://pge-outages.simonwillison.net/pge-outages/outage/676679,1571779800,
1571772021:676685,36.89487,-121.57897,676685,3,1571770132,0,San Juan Bautista,Our preliminary determination is that your outage was caused by scheduled maintenance work.,PG&E is sending a repair crew to the outage location.,https://pge-outages.simonwillison.net/pge-outages/outage/676685,1571781600,
1571772021:676837,37.68465,-122.12264,676837,1,1571771759,1,San Lorenzo,Unknown - PG&E will be assessing the cause.,PG&E has assigned a crew to assess the outage.,https://pge-outages.simonwillison.net/pge-outages/outage/676837,1571797500,
1571772021:676687,37.54357,-122.31947,676687,1,1571766270,1,San Mateo,Our preliminary determination is that your outage was caused by an equipment issue.,PG&E is sending a repair crew to the outage location.,https://pge-outages.simonwillison.net/pge-outages/outage/676687,1571788800,
1571772021:676850,37.95492,-122.34904,676850,1,1571766371,0,San Pablo,Unknown - PG&E will be assessing the cause.,PG&E assessment crew is en route to the outage.,https://pge-outages.simonwillison.net/pge-outages/outage/676850,1571776200,1571776200
1571772021:676778,36.69421,-119.55239,676778,1,1571767079,0,Sanger,PG&E is investigating the cause of your outage.,PG&E is assessing the cause at the outage location.,https://pge-outages.simonwillison.net/pge-outages/outage/676778,1571773500,1571773500
1571772021:676895,36.76523,-119.46875,676895,1,1571770956,0,Sanger,Unknown - PG&E will be assessing the cause.,PG&E has assigned a crew to assess the outage.,https://pge-outages.simonwillison.net/pge-outages/outage/676895,1571781600,1571781600
1571772021:676609,35.38985,-120.41873,676609,2,1571751454,0,Santa Margarita,Our preliminary determination is that your outage was caused by scheduled maintenance work.,PG&E repair crew is on-site working to restore power.,https://pge-outages.simonwillison.net/pge-outages/outage/676609,1571778000,
1571772021:676775,38.51249,-122.63554,676775,5,1571762331,0,Santa Rosa,Our preliminary determination is that your outage was caused by scheduled maintenance work.,PG&E repair crew is on-site working to restore power.,https://pge-outages.simonwillison.net/pge-outages/outage/676775,1571785200,
1571772021:676853,38.44099,-122.73253,676853,1,1571769717,0,Santa Rosa,PG&E is investigating the cause of your outage.,PG&E is assessing the cause at the outage location.,https://pge-outages.simonwillison.net/pge-outages/outage/676853,1571776200,1571776200
1571772021:676715,38.46078,-122.70851,676715,2,1571761821,0,Santa Rosa,Our preliminary determination is that your outage was caused by scheduled maintenance work.,PG&E repair crew is on-site working to restore power.,https://pge-outages.simonwillison.net/pge-outages/outage/676715,1571785200,
1571772021:676880,38.45134,-122.6941,676880,1,1571771707,1,Santa Rosa,PG&E is investigating the cause of your outage.,PG&E is assessing the cause at the outage location.,https://pge-outages.simonwillison.net/pge-outages/outage/676880,1571778900,1571778900
1571772021:676787,38.39282,-122.57701,676787,4,1571762706,0,Santa Rosa,Our preliminary determination is that your outage was caused by scheduled maintenance work.,PG&E repair crew is on-site working to restore power.,https://pge-outages.simonwillison.net/pge-outages/outage/676787,1571781600,
1571772021:676600,37.28384,-122.03305,676600,9,1571771029,0,Saratoga,Our preliminary determination is that your outage was caused by an equipment issue.,PG&E is assessing the cause at the outage location.,https://pge-outages.simonwillison.net/pge-outages/outage/676600,1571788800,
1571772021:676706,38.40972,-122.80013,676706,2,1571760253,0,Sebastopol,Our preliminary determination is that your outage was caused by scheduled maintenance work.,PG&E repair crew is on-site working to restore power.,https://pge-outages.simonwillison.net/pge-outages/outage/676706,1571778000,
1571772021:676607,40.51185,-122.01654,676607,11,1571756972,0,Shingletown,Our preliminary determination is that your outage was caused by scheduled maintenance work.,PG&E repair crew is on-site working to restore power.,https://pge-outages.simonwillison.net/pge-outages/outage/676607,1571774400,
1571772021:676780,38.5996,-120.67501,676780,29,1571762594,0,Somerset,Our preliminary determination is that your outage was caused by scheduled maintenance work.,PG&E repair crew is on-site working to restore power.,https://pge-outages.simonwillison.net/pge-outages/outage/676780,1571781600,
1571772021:676823,37.65284,-122.44736,676823,1,1571764656,0,South San Francisco,Unknown - PG&E will be assessing the cause.,PG&E assessment crew is en route to the outage.,https://pge-outages.simonwillison.net/pge-outages/outage/676823,1571774400,1571774400
1571772021:676811,37.92617,-122.67604,676811,2,1571764212,0,Stinson Beach,Our preliminary determination is that your outage was caused by scheduled maintenance work.,PG&E has assigned a crew to assess the outage.,https://pge-outages.simonwillison.net/pge-outages/outage/676811,1571788800,
1571772021:676642,37.94396,-121.33162,676642,1,1571756886,0,Stockton,Our preliminary determination is that your outage was caused by scheduled maintenance work.,PG&E repair crew is on-site working to restore power.,https://pge-outages.simonwillison.net/pge-outages/outage/676642,1571788800,
1571772021:676625,37.94133,-121.33269,676625,1,1571754730,0,Stockton,Our preliminary determination is that your outage was caused by scheduled maintenance work.,PG&E repair crew is on-site working to restore power.,https://pge-outages.simonwillison.net/pge-outages/outage/676625,1571788800,
1571772021:676845,36.10824,-119.71184,676845,1,1571768540,0,Stratford,Unknown - PG&E will be assessing the cause.,PG&E assessment crew is en route to the outage.,https://pge-outages.simonwillison.net/pge-outages/outage/676845,1571777100,1571777100
1571772021:676714,35.57568,-120.71984,676714,2,1571760554,0,Templeton,Our preliminary determination is that your outage was caused by scheduled maintenance work.,PG&E repair crew is on-site working to restore power.,https://pge-outages.simonwillison.net/pge-outages/outage/676714,1571785200,
1571772021:676758,35.52538,-120.74111,676758,1,1571762098,0,Templeton,Unknown - PG&E will be assessing the cause.,PG&E assessment crew is en route to the outage.,https://pge-outages.simonwillison.net/pge-outages/outage/676758,1571774400,1571774400
1571772021:676742,37.67982,-121.27826,676742,2,1571761385,0,Tracy,Our preliminary determination is that your outage was caused by scheduled maintenance work.,PG&E repair crew is on-site working to restore power.,https://pge-outages.simonwillison.net/pge-outages/outage/676742,1571770800,
1571772021:676619,40.01546,-121.22466,676619,44,1571759936,0,Twain,Our preliminary determination is that your outage was caused by scheduled maintenance work.,PG&E repair crew is on-site working to restore power.,https://pge-outages.simonwillison.net/pge-outages/outage/676619,1571788800,
1571772021:676886,38.48345,-120.60949,676886,1,1571769769,1,Volcano,Unknown - PG&E will be assessing the cause.,PG&E has assigned a crew to assess the outage.,https://pge-outages.simonwillison.net/pge-outages/outage/676886,1571782500,1571782500
1571772021:676870,38.2273,-121.45666,676870,1,1571770899,1,Walnut Grove,PG&E is investigating the cause of your outage.,PG&E is assessing the cause at the outage location.,https://pge-outages.simonwillison.net/pge-outages/outage/676870,1571780700,1571780700
1571772021:676707,39.36289,-120.79618,676707,83,1571760352,0,Washington,Our preliminary determination is that your outage was caused by scheduled maintenance work.,PG&E repair crew is on-site working to restore power.,https://pge-outages.simonwillison.net/pge-outages/outage/676707,1571778000,
1571772021:676702,39.01359,-121.42356,676702,21,1571764860,0,Wheatland,Our preliminary determination is that your outage was caused by scheduled maintenance work.,PG&E repair crew is on-site working to restore power.,https://pge-outages.simonwillison.net/pge-outages/outage/676702,1571778000,
1571772021:676659,40.98874,-123.63971,676659,2,1571768033,0,Willow Creek,Our preliminary determination is that your outage was caused by scheduled maintenance work.,PG&E repair crew is on-site working to restore power.,https://pge-outages.simonwillison.net/pge-outages/outage/676659,1571785200,
1571772021:676867,38.53749,-122.79063,676867,1,1571768055,0,Windsor,Unknown - PG&E will be assessing the cause.,PG&E has assigned a crew to assess the outage.,https://pge-outages.simonwillison.net/pge-outages/outage/676867,1571778000,1571778000
